timestamp,brent_crude_usd,wti_crude_usd,usd_irr,hormuz_transits_per_day,shipping_insurance_change,dow_change,flights_cancelled,notes
2026-02-27T00:00:00Z,79,75,,50,baseline,,0,"Pre-war baseline. Normal Hormuz traffic ~50+ transits/day."
2026-02-28T12:00:00Z,81,77,,30,+50%,,500,"Day 1: War begins. Initial oil spike. Hormuz warnings issued. Regional airspace disruptions begin."
2026-03-01T22:00:00Z,81,79,,15,+100%,,2000,"Day 2: 150+ tankers anchored beyond Hormuz. India activates 'Plan B.' China pivots to methanol."
2026-03-02T23:00:00Z,82,80,,5,+200%,-450,5000,"Day 3: IRGC formally declares Hormuz closed. QatarEnergy halts LNG. 10+ tankers burning. Supertanker rates at all-time highs. KOSPI -12%."
2026-03-03T13:00:00Z,82,81,,3,+250%,,8000,"Day 4: AWS data centers hit. Bahrain destabilizing. Supertanker rates all-time high. E3 enters war."
2026-03-04T13:00:00Z,84,82,,2,+300% (P&I cancelled),,12000,"Day 5: P&I insurance cancelled for Gulf. Hormuz down to 2 transits/day. IRIS Dena sunk. Saudi refinery struck."
2026-03-05T13:00:00Z,86,85,101650,2,+300%,,18000,"Day 6: Maersk suspends all Gulf bookings. BAPCO refinery hit. European naval coalition forms. Dollar at 101,650 toman."
2026-03-06T13:00:00Z,87,88,101650,2,+300%,,20000,"Day 7 AM: India 30-day waiver. Phase 2 begins. CSIS estimates $3.7B/100hrs ($891M/day), $3.5B unbudgeted. Quadruple weapons production agreed."
2026-03-07T01:00:00Z,87,92,101650,2,+300%,-450,23000,"Day 7 PM: WTI spikes to $92. Qatar warns $150/bbl in 2-3 weeks. ALL Gulf force majeure expected 'in next few days.' Qatar airspace partially reopened. 23,000 flights cancelled cumulative."
